"FullName",Nome Parlamentar-Partido-UF
"C:\Users\carlo\Desktop\Repositorios-VScode\Projeto-Legislativo\scrap-pdf\banco-fotos\files.csv",Abílio Santana-PL-BA
"C:\Users\carlo\Desktop\Repositorios-VScode\Projeto-Legislativo\scrap-pdf\banco-fotos\image10_1.jpeg",Abou Anni-UNIÃO-SP
"C:\Users\carlo\Desktop\Repositorios-VScode\Projeto-Legislativo\scrap-pdf\banco-fotos\image10_10.jpeg",Acácio Favacho-PROS-AP
"C:\Users\carlo\Desktop\Repositorios-VScode\Projeto-Legislativo\scrap-pdf\banco-fotos\image10_11.jpeg",Adolfo Viana-PSDB-BA
"C:\Users\carlo\Desktop\Repositorios-VScode\Projeto-Legislativo\scrap-pdf\banco-fotos\image10_12.jpeg",Adriana Ventura-NOVO-SP
"C:\Users\carlo\Desktop\Repositorios-VScode\Projeto-Legislativo\scrap-pdf\banco-fotos\image10_2.jpeg",Adriano do Baldy-PP-GO
"C:\Users\carlo\Desktop\Repositorios-VScode\Projeto-Legislativo\scrap-pdf\banco-fotos\image10_3.jpeg",Aécio Neves-PSDB-MG
"C:\Users\carlo\Desktop\Repositorios-VScode\Projeto-Legislativo\scrap-pdf\banco-fotos\image10_4.jpeg",Aelton Freitas-PP-MG
"C:\Users\carlo\Desktop\Repositorios-VScode\Projeto-Legislativo\scrap-pdf\banco-fotos\image10_5.jpeg",Afonso Florence-PT-BA
"C:\Users\carlo\Desktop\Repositorios-VScode\Projeto-Legislativo\scrap-pdf\banco-fotos\image10_6.jpeg",Afonso Hamm-PP-RS
"C:\Users\carlo\Desktop\Repositorios-VScode\Projeto-Legislativo\scrap-pdf\banco-fotos\image10_7.jpeg",Afonso Motta-PDT-RS
"C:\Users\carlo\Desktop\Repositorios-VScode\Projeto-Legislativo\scrap-pdf\banco-fotos\image10_8.jpeg",Aguinaldo Ribeiro-PP-PB
"C:\Users\carlo\Desktop\Repositorios-VScode\Projeto-Legislativo\scrap-pdf\banco-fotos\image10_9.jpeg",Airton Faleiro-PT-PA
"C:\Users\carlo\Desktop\Repositorios-VScode\Projeto-Legislativo\scrap-pdf\banco-fotos\image11_1.jpeg",AJ Albuquerque-PP-CE
"C:\Users\carlo\Desktop\Repositorios-VScode\Projeto-Legislativo\scrap-pdf\banco-fotos\image11_10.jpeg",Alan Rick-UNIÃO-AC
"C:\Users\carlo\Desktop\Repositorios-VScode\Projeto-Legislativo\scrap-pdf\banco-fotos\image11_11.jpeg",Alceu Moreira-MDB-RS
"C:\Users\carlo\Desktop\Repositorios-VScode\Projeto-Legislativo\scrap-pdf\banco-fotos\image11_12.jpeg",Alcides Rodrigues-PATRIOTA-GO
"C:\Users\carlo\Desktop\Repositorios-VScode\Projeto-Legislativo\scrap-pdf\banco-fotos\image11_2.jpeg",Alê Silva-REPUBLICANOS-MG
"C:\Users\carlo\Desktop\Repositorios-VScode\Projeto-Legislativo\scrap-pdf\banco-fotos\image11_3.jpeg",Alencar Santana-PT-SP
"C:\Users\carlo\Desktop\Repositorios-VScode\Projeto-Legislativo\scrap-pdf\banco-fotos\image11_4.jpeg",Alessandro Molon-PSB-RJ
"C:\Users\carlo\Desktop\Repositorios-VScode\Projeto-Legislativo\scrap-pdf\banco-fotos\image11_5.jpeg",Alex Manente-CIDADANIA-SP
"C:\Users\carlo\Desktop\Repositorios-VScode\Projeto-Legislativo\scrap-pdf\banco-fotos\image11_6.jpeg",Alex Santana-REPUBLICANOS-BA
"C:\Users\carlo\Desktop\Repositorios-VScode\Projeto-Legislativo\scrap-pdf\banco-fotos\image11_7.jpeg",Alexandre Frota-PSDB-SP
"C:\Users\carlo\Desktop\Repositorios-VScode\Projeto-Legislativo\scrap-pdf\banco-fotos\image11_8.jpeg",Alexandre Leite-UNIÃO-SP
"C:\Users\carlo\Desktop\Repositorios-VScode\Projeto-Legislativo\scrap-pdf\banco-fotos\image11_9.jpeg",Alexandre Padilha-PT-SP
"C:\Users\carlo\Desktop\Repositorios-VScode\Projeto-Legislativo\scrap-pdf\banco-fotos\image12_1.jpeg",Alexis Fonteyne-NOVO-SP
"C:\Users\carlo\Desktop\Repositorios-VScode\Projeto-Legislativo\scrap-pdf\banco-fotos\image12_10.jpeg",Alice Portugal-PCdoB-BA
"C:\Users\carlo\Desktop\Repositorios-VScode\Projeto-Legislativo\scrap-pdf\banco-fotos\image12_11.jpeg",Aliel Machado-PV-PR
"C:\Users\carlo\Desktop\Repositorios-VScode\Projeto-Legislativo\scrap-pdf\banco-fotos\image12_12.jpeg",Aline Gurgel-REPUBLICANOS-AP
"C:\Users\carlo\Desktop\Repositorios-VScode\Projeto-Legislativo\scrap-pdf\banco-fotos\image12_2.jpeg",Aline Sleutjes-UNIÃO-PR
"C:\Users\carlo\Desktop\Repositorios-VScode\Projeto-Legislativo\scrap-pdf\banco-fotos\image12_3.jpeg",Altineu Côrtes-PL-RJ
"C:\Users\carlo\Desktop\Repositorios-VScode\Projeto-Legislativo\scrap-pdf\banco-fotos\image12_4.jpeg",Aluisio Mendes-PSC-MA
"C:\Users\carlo\Desktop\Repositorios-VScode\Projeto-Legislativo\scrap-pdf\banco-fotos\image12_5.jpeg",Amaro Neto-REPUBLICANOS-ES
"C:\Users\carlo\Desktop\Repositorios-VScode\Projeto-Legislativo\scrap-pdf\banco-fotos\image12_6.jpeg",André Abdon-PP-AP
"C:\Users\carlo\Desktop\Repositorios-VScode\Projeto-Legislativo\scrap-pdf\banco-fotos\image12_7.jpeg",André de Paula-PSD-PE
"C:\Users\carlo\Desktop\Repositorios-VScode\Projeto-Legislativo\scrap-pdf\banco-fotos\image12_8.jpeg",André Ferreira-PSC-PE
"C:\Users\carlo\Desktop\Repositorios-VScode\Projeto-Legislativo\scrap-pdf\banco-fotos\image12_9.jpeg",André Figueiredo-PDT-CE
"C:\Users\carlo\Desktop\Repositorios-VScode\Projeto-Legislativo\scrap-pdf\banco-fotos\image13_1.jpeg",André Fufuca-PP-MA
"C:\Users\carlo\Desktop\Repositorios-VScode\Projeto-Legislativo\scrap-pdf\banco-fotos\image13_10.jpeg",André Janones-AVANTE-MG
"C:\Users\carlo\Desktop\Repositorios-VScode\Projeto-Legislativo\scrap-pdf\banco-fotos\image13_11.jpeg",Angela Amin-PP-SC
"C:\Users\carlo\Desktop\Repositorios-VScode\Projeto-Legislativo\scrap-pdf\banco-fotos\image13_12.jpeg",Antonio Brito-PSD-BA
"C:\Users\carlo\Desktop\Repositorios-VScode\Projeto-Legislativo\scrap-pdf\banco-fotos\image13_2.jpeg",Arlindo Chinaglia-PT-SP
"C:\Users\carlo\Desktop\Repositorios-VScode\Projeto-Legislativo\scrap-pdf\banco-fotos\image13_3.jpeg",Arnaldo Jardim-CIDADANIA-SP
"C:\Users\carlo\Desktop\Repositorios-VScode\Projeto-Legislativo\scrap-pdf\banco-fotos\image13_4.jpeg",Aroldo Martins-REPUBLICANOS-PR
"C:\Users\carlo\Desktop\Repositorios-VScode\Projeto-Legislativo\scrap-pdf\banco-fotos\image13_5.jpeg",Arthur Lira-PP-AL
"C:\Users\carlo\Desktop\Repositorios-VScode\Projeto-Legislativo\scrap-pdf\banco-fotos\image13_6.jpeg",Arthur Oliveira Maia-UNIÃO-BA
"C:\Users\carlo\Desktop\Repositorios-VScode\Projeto-Legislativo\scrap-pdf\banco-fotos\image13_7.jpeg",Átila Lins-PSD-AM
"C:\Users\carlo\Desktop\Repositorios-VScode\Projeto-Legislativo\scrap-pdf\banco-fotos\image13_8.jpeg",Átila Lira-PP-PI
"C:\Users\carlo\Desktop\Repositorios-VScode\Projeto-Legislativo\scrap-pdf\banco-fotos\image13_9.jpeg",Augusto Coutinho-REPUBLICANOS-PE
"C:\Users\carlo\Desktop\Repositorios-VScode\Projeto-Legislativo\scrap-pdf\banco-fotos\image14_1.jpeg",Áurea Carolina-PSOL-MG
"C:\Users\carlo\Desktop\Repositorios-VScode\Projeto-Legislativo\scrap-pdf\banco-fotos\image14_10.jpeg",Aureo Ribeiro-SOLIDARIEDADE-RJ
"C:\Users\carlo\Desktop\Repositorios-VScode\Projeto-Legislativo\scrap-pdf\banco-fotos\image14_11.jpeg",Bacelar-PV-BA
"C:\Users\carlo\Desktop\Repositorios-VScode\Projeto-Legislativo\scrap-pdf\banco-fotos\image14_12.jpeg",Baleia Rossi-MDB-SP
"C:\Users\carlo\Desktop\Repositorios-VScode\Projeto-Legislativo\scrap-pdf\banco-fotos\image14_2.jpeg",Benedita da Silva-PT-RJ
"C:\Users\carlo\Desktop\Repositorios-VScode\Projeto-Legislativo\scrap-pdf\banco-fotos\image14_3.jpeg",Benes Leocádio-UNIÃO-RN
"C:\Users\carlo\Desktop\Repositorios-VScode\Projeto-Legislativo\scrap-pdf\banco-fotos\image14_4.jpeg",Beto Faro-PT-PA
"C:\Users\carlo\Desktop\Repositorios-VScode\Projeto-Legislativo\scrap-pdf\banco-fotos\image14_5.jpeg",Beto Pereira-PSDB-MS
"C:\Users\carlo\Desktop\Repositorios-VScode\Projeto-Legislativo\scrap-pdf\banco-fotos\image14_6.jpeg",Beto Rosado-PP-RN
"C:\Users\carlo\Desktop\Repositorios-VScode\Projeto-Legislativo\scrap-pdf\banco-fotos\image14_7.jpeg",Bia Kicis-PL-DF
"C:\Users\carlo\Desktop\Repositorios-VScode\Projeto-Legislativo\scrap-pdf\banco-fotos\image14_8.jpeg",Bibo Nunes-PL-RS
"C:\Users\carlo\Desktop\Repositorios-VScode\Projeto-Legislativo\scrap-pdf\banco-fotos\image14_9.jpeg",Bilac Pinto-UNIÃO-MG
"C:\Users\carlo\Desktop\Repositorios-VScode\Projeto-Legislativo\scrap-pdf\banco-fotos\image15_1.jpeg",Bira do Pindaré-PSB-MA
"C:\Users\carlo\Desktop\Repositorios-VScode\Projeto-Legislativo\scrap-pdf\banco-fotos\image15_10.jpeg",Bohn Gass-PT-RS
"C:\Users\carlo\Desktop\Repositorios-VScode\Projeto-Legislativo\scrap-pdf\banco-fotos\image15_11.jpeg",Bosco Costa-PL-SE
"C:\Users\carlo\Desktop\Repositorios-VScode\Projeto-Legislativo\scrap-pdf\banco-fotos\image15_12.jpeg",Bosco Saraiva-SOLIDARIEDADE-AM
"C:\Users\carlo\Desktop\Repositorios-VScode\Projeto-Legislativo\scrap-pdf\banco-fotos\image15_2.jpeg",Bozzella-UNIÃO-SP
"C:\Users\carlo\Desktop\Repositorios-VScode\Projeto-Legislativo\scrap-pdf\banco-fotos\image15_3.jpeg",Bruna Furlan-PSDB-SP
"C:\Users\carlo\Desktop\Repositorios-VScode\Projeto-Legislativo\scrap-pdf\banco-fotos\image15_4.jpeg",Cacá Leão-PP-BA
"C:\Users\carlo\Desktop\Repositorios-VScode\Projeto-Legislativo\scrap-pdf\banco-fotos\image15_5.jpeg",Camilo Capiberibe-PSB-AP
"C:\Users\carlo\Desktop\Repositorios-VScode\Projeto-Legislativo\scrap-pdf\banco-fotos\image15_6.jpeg",Capitão Alberto Neto-PL-AM
"C:\Users\carlo\Desktop\Repositorios-VScode\Projeto-Legislativo\scrap-pdf\banco-fotos\image15_7.jpeg",Capitão Augusto-PL-SP
"C:\Users\carlo\Desktop\Repositorios-VScode\Projeto-Legislativo\scrap-pdf\banco-fotos\image15_8.jpeg",Capitão Derrite-PL-SP
"C:\Users\carlo\Desktop\Repositorios-VScode\Projeto-Legislativo\scrap-pdf\banco-fotos\image15_9.jpeg",Capitão Fábio Abreu-PSD-PI
"C:\Users\carlo\Desktop\Repositorios-VScode\Projeto-Legislativo\scrap-pdf\banco-fotos\image16_1.jpeg",Carla Dickson-PROS-RN
"C:\Users\carlo\Desktop\Repositorios-VScode\Projeto-Legislativo\scrap-pdf\banco-fotos\image16_10.jpeg",Carla Zambelli-PL-SP
"C:\Users\carlo\Desktop\Repositorios-VScode\Projeto-Legislativo\scrap-pdf\banco-fotos\image16_11.jpeg",Carlos Chiodini-MDB-SC
"C:\Users\carlo\Desktop\Repositorios-VScode\Projeto-Legislativo\scrap-pdf\banco-fotos\image16_12.jpeg",Carlos Gomes-REPUBLICANOS-RS
"C:\Users\carlo\Desktop\Repositorios-VScode\Projeto-Legislativo\scrap-pdf\banco-fotos\image16_2.jpeg",Carlos Henrique Gaguim-UNIÃO-TO
"C:\Users\carlo\Desktop\Repositorios-VScode\Projeto-Legislativo\scrap-pdf\banco-fotos\image16_3.jpeg",Carlos Jordy-PL-RJ
"C:\Users\carlo\Desktop\Repositorios-VScode\Projeto-Legislativo\scrap-pdf\banco-fotos\image16_4.jpeg",Carlos Sampaio-PSDB-SP
"C:\Users\carlo\Desktop\Repositorios-VScode\Projeto-Legislativo\scrap-pdf\banco-fotos\image16_5.jpeg",Carlos Veras-PT-PE
"C:\Users\carlo\Desktop\Repositorios-VScode\Projeto-Legislativo\scrap-pdf\banco-fotos\image16_6.jpeg",Carlos Zarattini-PT-SP
"C:\Users\carlo\Desktop\Repositorios-VScode\Projeto-Legislativo\scrap-pdf\banco-fotos\image16_7.jpeg",Carmen Zanotto-CIDADANIA-SC
"C:\Users\carlo\Desktop\Repositorios-VScode\Projeto-Legislativo\scrap-pdf\banco-fotos\image16_8.jpeg",Caroline de Toni-PL-SC
"C:\Users\carlo\Desktop\Repositorios-VScode\Projeto-Legislativo\scrap-pdf\banco-fotos\image16_9.jpeg",Cássio Andrade-PSB-PA
"C:\Users\carlo\Desktop\Repositorios-VScode\Projeto-Legislativo\scrap-pdf\banco-fotos\image17_1.jpeg",Celina Leão-PP-DF
"C:\Users\carlo\Desktop\Repositorios-VScode\Projeto-Legislativo\scrap-pdf\banco-fotos\image17_10.jpeg",Célio Moura-PT-TO
"C:\Users\carlo\Desktop\Repositorios-VScode\Projeto-Legislativo\scrap-pdf\banco-fotos\image17_11.jpeg",Célio Silveira-MDB-GO
"C:\Users\carlo\Desktop\Repositorios-VScode\Projeto-Legislativo\scrap-pdf\banco-fotos\image17_12.jpeg",Célio Studart-PSD-CE
"C:\Users\carlo\Desktop\Repositorios-VScode\Projeto-Legislativo\scrap-pdf\banco-fotos\image17_2.jpeg",Celso Maldaner-MDB-SC
"C:\Users\carlo\Desktop\Repositorios-VScode\Projeto-Legislativo\scrap-pdf\banco-fotos\image17_3.jpeg",Celso Russomanno-REPUBLICANOS-SP
"C:\Users\carlo\Desktop\Repositorios-VScode\Projeto-Legislativo\scrap-pdf\banco-fotos\image17_4.jpeg",Celso Sabino-UNIÃO-PA
"C:\Users\carlo\Desktop\Repositorios-VScode\Projeto-Legislativo\scrap-pdf\banco-fotos\image17_5.jpeg",Cezinha de Madureira-PSD-SP
"C:\Users\carlo\Desktop\Repositorios-VScode\Projeto-Legislativo\scrap-pdf\banco-fotos\image17_6.jpeg",Charles Fernandes-PSD-BA
"C:\Users\carlo\Desktop\Repositorios-VScode\Projeto-Legislativo\scrap-pdf\banco-fotos\image17_7.jpeg",Charlles Evangelista-PP-MG
"C:\Users\carlo\Desktop\Repositorios-VScode\Projeto-Legislativo\scrap-pdf\banco-fotos\image17_8.jpeg",Chico D'Angelo-PDT-RJ
"C:\Users\carlo\Desktop\Repositorios-VScode\Projeto-Legislativo\scrap-pdf\banco-fotos\image17_9.jpeg",Chiquinho Brazão-AVANTE-RJ
"C:\Users\carlo\Desktop\Repositorios-VScode\Projeto-Legislativo\scrap-pdf\banco-fotos\image18_1.jpeg",Chris Tonietto-PL-RJ
"C:\Users\carlo\Desktop\Repositorios-VScode\Projeto-Legislativo\scrap-pdf\banco-fotos\image18_10.jpeg",Christiane de Souza Yared-PP-PR
"C:\Users\carlo\Desktop\Repositorios-VScode\Projeto-Legislativo\scrap-pdf\banco-fotos\image18_11.jpeg",Christino Aureo-PP-RJ
"C:\Users\carlo\Desktop\Repositorios-VScode\Projeto-Legislativo\scrap-pdf\banco-fotos\image18_12.jpeg",Clarissa Garotinho-UNIÃO-RJ
"C:\Users\carlo\Desktop\Repositorios-VScode\Projeto-Legislativo\scrap-pdf\banco-fotos\image18_2.jpeg",Claudio Cajado-PP-BA
"C:\Users\carlo\Desktop\Repositorios-VScode\Projeto-Legislativo\scrap-pdf\banco-fotos\image18_3.jpeg",Cleber Verde-REPUBLICANOS-MA
"C:\Users\carlo\Desktop\Repositorios-VScode\Projeto-Legislativo\scrap-pdf\banco-fotos\image18_4.jpeg",Coronel Armando-PL-SC
"C:\Users\carlo\Desktop\Repositorios-VScode\Projeto-Legislativo\scrap-pdf\banco-fotos\image18_5.jpeg",Coronel Chrisóstomo-PL-RO
"C:\Users\carlo\Desktop\Repositorios-VScode\Projeto-Legislativo\scrap-pdf\banco-fotos\image18_6.jpeg",Coronel Tadeu-PL-SP
"C:\Users\carlo\Desktop\Repositorios-VScode\Projeto-Legislativo\scrap-pdf\banco-fotos\image18_7.jpeg",Covatti Filho-PP-RS
"C:\Users\carlo\Desktop\Repositorios-VScode\Projeto-Legislativo\scrap-pdf\banco-fotos\image18_8.jpeg",Cristiano Vale-PP-PA
"C:\Users\carlo\Desktop\Repositorios-VScode\Projeto-Legislativo\scrap-pdf\banco-fotos\image18_9.jpeg",Da Vitoria-PP-ES
"C:\Users\carlo\Desktop\Repositorios-VScode\Projeto-Legislativo\scrap-pdf\banco-fotos\image19_1.jpeg",Dagoberto Nogueira-PSDB-MS
"C:\Users\carlo\Desktop\Repositorios-VScode\Projeto-Legislativo\scrap-pdf\banco-fotos\image19_10.jpeg",Damião Feliciano-PDT-PB
"C:\Users\carlo\Desktop\Repositorios-VScode\Projeto-Legislativo\scrap-pdf\banco-fotos\image19_11.jpeg",Daniel Almeida-PCdoB-BA
"C:\Users\carlo\Desktop\Repositorios-VScode\Projeto-Legislativo\scrap-pdf\banco-fotos\image19_12.jpeg",Daniel Coelho-CIDADANIA-PE
"C:\Users\carlo\Desktop\Repositorios-VScode\Projeto-Legislativo\scrap-pdf\banco-fotos\image19_2.jpeg",Daniel Freitas-PL-SC
"C:\Users\carlo\Desktop\Repositorios-VScode\Projeto-Legislativo\scrap-pdf\banco-fotos\image19_3.jpeg",Daniel Silveira-PTB-RJ
"C:\Users\carlo\Desktop\Repositorios-VScode\Projeto-Legislativo\scrap-pdf\banco-fotos\image19_4.jpeg",Daniel Trzeciak-PSDB-RS
"C:\Users\carlo\Desktop\Repositorios-VScode\Projeto-Legislativo\scrap-pdf\banco-fotos\image19_5.jpeg",Daniela do Waguinho-UNIÃO-RJ
"C:\Users\carlo\Desktop\Repositorios-VScode\Projeto-Legislativo\scrap-pdf\banco-fotos\image19_6.jpeg",Danilo Cabral-PSB-PE
"C:\Users\carlo\Desktop\Repositorios-VScode\Projeto-Legislativo\scrap-pdf\banco-fotos\image19_7.jpeg",Danilo Forte-PSDB-CE
"C:\Users\carlo\Desktop\Repositorios-VScode\Projeto-Legislativo\scrap-pdf\banco-fotos\image19_8.jpeg",Danrlei de Deus Hinterholz-PSD-RS
"C:\Users\carlo\Desktop\Repositorios-VScode\Projeto-Legislativo\scrap-pdf\banco-fotos\image19_9.jpeg",Darci de Matos-PSD-SC
"C:\Users\carlo\Desktop\Repositorios-VScode\Projeto-Legislativo\scrap-pdf\banco-fotos\image1_1.jpeg",David Miranda-PDT-RJ
"C:\Users\carlo\Desktop\Repositorios-VScode\Projeto-Legislativo\scrap-pdf\banco-fotos\image1_10.jpeg",David Soares-UNIÃO-SP
"C:\Users\carlo\Desktop\Repositorios-VScode\Projeto-Legislativo\scrap-pdf\banco-fotos\image1_11.jpeg",Delegado Antônio Furtado-UNIÃO-RJ
"C:\Users\carlo\Desktop\Repositorios-VScode\Projeto-Legislativo\scrap-pdf\banco-fotos\image1_12.jpeg",Delegado Éder Mauro-PL-PA
"C:\Users\carlo\Desktop\Repositorios-VScode\Projeto-Legislativo\scrap-pdf\banco-fotos\image1_2.jpeg",Delegado Marcelo Freitas-UNIÃO-MG
"C:\Users\carlo\Desktop\Repositorios-VScode\Projeto-Legislativo\scrap-pdf\banco-fotos\image1_3.jpeg",Delegado Pablo-UNIÃO-AM
"C:\Users\carlo\Desktop\Repositorios-VScode\Projeto-Legislativo\scrap-pdf\banco-fotos\image1_4.jpeg",Delegado Waldir-UNIÃO-GO
"C:\Users\carlo\Desktop\Repositorios-VScode\Projeto-Legislativo\scrap-pdf\banco-fotos\image1_5.jpeg",Denis Bezerra-PSB-CE
"C:\Users\carlo\Desktop\Repositorios-VScode\Projeto-Legislativo\scrap-pdf\banco-fotos\image1_6.jpeg",Diego Andrade-PSD-MG
"C:\Users\carlo\Desktop\Repositorios-VScode\Projeto-Legislativo\scrap-pdf\banco-fotos\image1_7.jpeg",Diego Garcia-REPUBLICANOS-PR
"C:\Users\carlo\Desktop\Repositorios-VScode\Projeto-Legislativo\scrap-pdf\banco-fotos\image1_8.jpeg",Dimas Fabiano-PP-MG
"C:\Users\carlo\Desktop\Repositorios-VScode\Projeto-Legislativo\scrap-pdf\banco-fotos\image1_9.jpeg",Domingos Neto-PSD-CE
"C:\Users\carlo\Desktop\Repositorios-VScode\Projeto-Legislativo\scrap-pdf\banco-fotos\image20_1.jpeg",Domingos Sávio-PL-MG
"C:\Users\carlo\Desktop\Repositorios-VScode\Projeto-Legislativo\scrap-pdf\banco-fotos\image20_10.jpeg",Dr. Frederico-PATRIOTA-MG
"C:\Users\carlo\Desktop\Repositorios-VScode\Projeto-Legislativo\scrap-pdf\banco-fotos\image20_11.jpeg",Dr. Jaziel-PL-CE
"C:\Users\carlo\Desktop\Repositorios-VScode\Projeto-Legislativo\scrap-pdf\banco-fotos\image20_12.jpeg",Dr. Leonardo-REPUBLICANOS-MT
"C:\Users\carlo\Desktop\Repositorios-VScode\Projeto-Legislativo\scrap-pdf\banco-fotos\image20_2.jpeg",Dr. Luiz Antonio Teixeira Jr.-PP-RJ
"C:\Users\carlo\Desktop\Repositorios-VScode\Projeto-Legislativo\scrap-pdf\banco-fotos\image20_3.jpeg",Dr. Luiz Ovando-PP-MS
"C:\Users\carlo\Desktop\Repositorios-VScode\Projeto-Legislativo\scrap-pdf\banco-fotos\image20_4.jpeg",Dr. Zacharias Calil-UNIÃO-GO
"C:\Users\carlo\Desktop\Repositorios-VScode\Projeto-Legislativo\scrap-pdf\banco-fotos\image20_5.jpeg",Dra. Soraya Manato-PTB-ES
"C:\Users\carlo\Desktop\Repositorios-VScode\Projeto-Legislativo\scrap-pdf\banco-fotos\image20_6.jpeg",Dra. Vanda Milani-SOLIDARIEDADE-AC
"C:\Users\carlo\Desktop\Repositorios-VScode\Projeto-Legislativo\scrap-pdf\banco-fotos\image20_7.jpeg",Dulce Miranda-MDB-TO
"C:\Users\carlo\Desktop\Repositorios-VScode\Projeto-Legislativo\scrap-pdf\banco-fotos\image20_8.jpeg",Edilázio Júnior-PSD-MA
"C:\Users\carlo\Desktop\Repositorios-VScode\Projeto-Legislativo\scrap-pdf\banco-fotos\image20_9.jpeg",Edio Lopes-PL-RR
"C:\Users\carlo\Desktop\Repositorios-VScode\Projeto-Legislativo\scrap-pdf\banco-fotos\image21_1.jpeg",Eduardo Barbosa-PSDB-MG
"C:\Users\carlo\Desktop\Repositorios-VScode\Projeto-Legislativo\scrap-pdf\banco-fotos\image21_10.jpeg",Eduardo Bismarck-PDT-CE
"C:\Users\carlo\Desktop\Repositorios-VScode\Projeto-Legislativo\scrap-pdf\banco-fotos\image21_11.jpeg",Eduardo Bolsonaro-PL-SP
"C:\Users\carlo\Desktop\Repositorios-VScode\Projeto-Legislativo\scrap-pdf\banco-fotos\image21_12.jpeg",Eduardo Costa-PSD-PA
"C:\Users\carlo\Desktop\Repositorios-VScode\Projeto-Legislativo\scrap-pdf\banco-fotos\image21_2.jpeg",Eduardo Cury-PSDB-SP
"C:\Users\carlo\Desktop\Repositorios-VScode\Projeto-Legislativo\scrap-pdf\banco-fotos\image21_3.jpeg",Eduardo da Fonte-PP-PE
"C:\Users\carlo\Desktop\Repositorios-VScode\Projeto-Legislativo\scrap-pdf\banco-fotos\image21_4.jpeg",Efraim Filho-UNIÃO-PB
"C:\Users\carlo\Desktop\Repositorios-VScode\Projeto-Legislativo\scrap-pdf\banco-fotos\image21_5.jpeg",Elcione Barbalho-MDB-PA
"C:\Users\carlo\Desktop\Repositorios-VScode\Projeto-Legislativo\scrap-pdf\banco-fotos\image21_6.jpeg",Eli Borges-SOLIDARIEDADE-TO
"C:\Users\carlo\Desktop\Repositorios-VScode\Projeto-Legislativo\scrap-pdf\banco-fotos\image21_7.jpeg",Eli Corrêa Filho-UNIÃO-SP
"C:\Users\carlo\Desktop\Repositorios-VScode\Projeto-Legislativo\scrap-pdf\banco-fotos\image21_8.jpeg",Elias Vaz-PSB-GO
"C:\Users\carlo\Desktop\Repositorios-VScode\Projeto-Legislativo\scrap-pdf\banco-fotos\image21_9.jpeg",Elmar Nascimento-UNIÃO-BA
"C:\Users\carlo\Desktop\Repositorios-VScode\Projeto-Legislativo\scrap-pdf\banco-fotos\image22_1.jpeg",Emanuel Pinheiro Neto-MDB-MT
"C:\Users\carlo\Desktop\Repositorios-VScode\Projeto-Legislativo\scrap-pdf\banco-fotos\image22_10.jpeg",Emidinho Madeira-PL-MG
"C:\Users\carlo\Desktop\Repositorios-VScode\Projeto-Legislativo\scrap-pdf\banco-fotos\image22_11.jpeg",Enio Verri-PT-PR
"C:\Users\carlo\Desktop\Repositorios-VScode\Projeto-Legislativo\scrap-pdf\banco-fotos\image22_12.jpeg",Enrico Misasi-MDB-SP
"C:\Users\carlo\Desktop\Repositorios-VScode\Projeto-Legislativo\scrap-pdf\banco-fotos\image22_2.jpeg",Erika Kokay-PT-DF
"C:\Users\carlo\Desktop\Repositorios-VScode\Projeto-Legislativo\scrap-pdf\banco-fotos\image22_3.jpeg",Eros Biondini-PL-MG
"C:\Users\carlo\Desktop\Repositorios-VScode\Projeto-Legislativo\scrap-pdf\banco-fotos\image22_4.jpeg",Euclydes Pettersen-PSC-MG
"C:\Users\carlo\Desktop\Repositorios-VScode\Projeto-Legislativo\scrap-pdf\banco-fotos\image22_5.jpeg",Evair Vieira de Melo-PP-ES
"C:\Users\carlo\Desktop\Repositorios-VScode\Projeto-Legislativo\scrap-pdf\banco-fotos\image22_6.jpeg",Expedito Netto-PSD-RO
"C:\Users\carlo\Desktop\Repositorios-VScode\Projeto-Legislativo\scrap-pdf\banco-fotos\image22_7.jpeg",Fábio Henrique-UNIÃO-SE
"C:\Users\carlo\Desktop\Repositorios-VScode\Projeto-Legislativo\scrap-pdf\banco-fotos\image22_8.jpeg",Fábio Mitidieri-PSD-SE
"C:\Users\carlo\Desktop\Repositorios-VScode\Projeto-Legislativo\scrap-pdf\banco-fotos\image22_9.jpeg",Fábio Ramalho-MDB-MG
"C:\Users\carlo\Desktop\Repositorios-VScode\Projeto-Legislativo\scrap-pdf\banco-fotos\image23_1.jpeg",Fabio Reis-PSD-SE
"C:\Users\carlo\Desktop\Repositorios-VScode\Projeto-Legislativo\scrap-pdf\banco-fotos\image23_10.jpeg",Fabio Schiochet-UNIÃO-SC
"C:\Users\carlo\Desktop\Repositorios-VScode\Projeto-Legislativo\scrap-pdf\banco-fotos\image23_11.jpeg",Fábio Trad-PSD-MS
"C:\Users\carlo\Desktop\Repositorios-VScode\Projeto-Legislativo\scrap-pdf\banco-fotos\image23_12.jpeg",Fausto Pinato-PP-SP
"C:\Users\carlo\Desktop\Repositorios-VScode\Projeto-Legislativo\scrap-pdf\banco-fotos\image23_2.jpeg",Felício Laterça-PP-RJ
"C:\Users\carlo\Desktop\Repositorios-VScode\Projeto-Legislativo\scrap-pdf\banco-fotos\image23_3.jpeg",Felipe Carreras-PSB-PE
"C:\Users\carlo\Desktop\Repositorios-VScode\Projeto-Legislativo\scrap-pdf\banco-fotos\image23_4.jpeg",Felipe Francischini-UNIÃO-PR
"C:\Users\carlo\Desktop\Repositorios-VScode\Projeto-Legislativo\scrap-pdf\banco-fotos\image23_5.jpeg",Felipe Rigoni-UNIÃO-ES
"C:\Users\carlo\Desktop\Repositorios-VScode\Projeto-Legislativo\scrap-pdf\banco-fotos\image23_6.jpeg",Félix Mendonça Júnior-PDT-BA
"C:\Users\carlo\Desktop\Repositorios-VScode\Projeto-Legislativo\scrap-pdf\banco-fotos\image23_7.jpeg",Fernanda Melchionna-PSOL-RS
"C:\Users\carlo\Desktop\Repositorios-VScode\Projeto-Legislativo\scrap-pdf\banco-fotos\image23_8.jpeg",Fernando Coelho Filho-UNIÃO-PE
"C:\Users\carlo\Desktop\Repositorios-VScode\Projeto-Legislativo\scrap-pdf\banco-fotos\image23_9.jpeg",Fernando Monteiro-PP-PE
"C:\Users\carlo\Desktop\Repositorios-VScode\Projeto-Legislativo\scrap-pdf\banco-fotos\image24_1.jpeg",Fernando Rodolfo-PL-PE
"C:\Users\carlo\Desktop\Repositorios-VScode\Projeto-Legislativo\scrap-pdf\banco-fotos\image24_10.jpeg",Filipe Barros-PL-PR
"C:\Users\carlo\Desktop\Repositorios-VScode\Projeto-Legislativo\scrap-pdf\banco-fotos\image24_11.jpeg",Flávia Arruda-PL-DF
"C:\Users\carlo\Desktop\Repositorios-VScode\Projeto-Legislativo\scrap-pdf\banco-fotos\image24_12.jpeg",Flávia Morais-PDT-GO
"C:\Users\carlo\Desktop\Repositorios-VScode\Projeto-Legislativo\scrap-pdf\banco-fotos\image24_2.jpeg",Flaviano Melo-MDB-AC
"C:\Users\carlo\Desktop\Repositorios-VScode\Projeto-Legislativo\scrap-pdf\banco-fotos\image24_3.jpeg",Flávio Nogueira-PT-PI
"C:\Users\carlo\Desktop\Repositorios-VScode\Projeto-Legislativo\scrap-pdf\banco-fotos\image24_4.jpeg",Francisco Jr.-PSD-GO
"C:\Users\carlo\Desktop\Repositorios-VScode\Projeto-Legislativo\scrap-pdf\banco-fotos\image24_5.jpeg",Franco Cartafina-PP-MG
"C:\Users\carlo\Desktop\Repositorios-VScode\Projeto-Legislativo\scrap-pdf\banco-fotos\image24_6.jpeg",Fred Costa-PATRIOTA-MG
"C:\Users\carlo\Desktop\Repositorios-VScode\Projeto-Legislativo\scrap-pdf\banco-fotos\image24_7.jpeg",Frei Anastacio Ribeiro-PT-PB
"C:\Users\carlo\Desktop\Repositorios-VScode\Projeto-Legislativo\scrap-pdf\banco-fotos\image24_8.jpeg",Gelson Azevedo-PL-RJ
"C:\Users\carlo\Desktop\Repositorios-VScode\Projeto-Legislativo\scrap-pdf\banco-fotos\image24_9.jpeg",Genecias Noronha-PL-CE
"C:\Users\carlo\Desktop\Repositorios-VScode\Projeto-Legislativo\scrap-pdf\banco-fotos\image25_1.jpeg",General Girão-PL-RN
"C:\Users\carlo\Desktop\Repositorios-VScode\Projeto-Legislativo\scrap-pdf\banco-fotos\image25_10.jpeg",General Peternelli-UNIÃO-SP
"C:\Users\carlo\Desktop\Repositorios-VScode\Projeto-Legislativo\scrap-pdf\banco-fotos\image25_11.jpeg",Geninho Zuliani-UNIÃO-SP
"C:\Users\carlo\Desktop\Repositorios-VScode\Projeto-Legislativo\scrap-pdf\banco-fotos\image25_12.jpeg",Geovania de Sá-PSDB-SC
"C:\Users\carlo\Desktop\Repositorios-VScode\Projeto-Legislativo\scrap-pdf\banco-fotos\image25_2.jpeg",Gervásio Maia-PSB-PB
"C:\Users\carlo\Desktop\Repositorios-VScode\Projeto-Legislativo\scrap-pdf\banco-fotos\image25_3.jpeg",Giacobo-PL-PR
"C:\Users\carlo\Desktop\Repositorios-VScode\Projeto-Legislativo\scrap-pdf\banco-fotos\image25_4.jpeg",Gil Cutrim-REPUBLICANOS-MA
"C:\Users\carlo\Desktop\Repositorios-VScode\Projeto-Legislativo\scrap-pdf\banco-fotos\image25_5.jpeg",Gilberto Abramo-REPUBLICANOS-MG
"C:\Users\carlo\Desktop\Repositorios-VScode\Projeto-Legislativo\scrap-pdf\banco-fotos\image25_6.jpeg",Gilberto Nascimento-PSC-SP
"C:\Users\carlo\Desktop\Repositorios-VScode\Projeto-Legislativo\scrap-pdf\banco-fotos\image25_7.jpeg",Gilson Marques-NOVO-SC
"C:\Users\carlo\Desktop\Repositorios-VScode\Projeto-Legislativo\scrap-pdf\banco-fotos\image25_8.jpeg",Giovani Cherini-PL-RS
"C:\Users\carlo\Desktop\Repositorios-VScode\Projeto-Legislativo\scrap-pdf\banco-fotos\image25_9.jpeg",Giovani Feltes-MDB-RS
"C:\Users\carlo\Desktop\Repositorios-VScode\Projeto-Legislativo\scrap-pdf\banco-fotos\image26_1.jpeg",Glauber Braga-PSOL-RJ
"C:\Users\carlo\Desktop\Repositorios-VScode\Projeto-Legislativo\scrap-pdf\banco-fotos\image26_10.jpeg",Glaustin da Fokus-PSC-GO
"C:\Users\carlo\Desktop\Repositorios-VScode\Projeto-Legislativo\scrap-pdf\banco-fotos\image26_11.jpeg",Gleisi Hoffmann-PT-PR
"C:\Users\carlo\Desktop\Repositorios-VScode\Projeto-Legislativo\scrap-pdf\banco-fotos\image26_12.jpeg",Gonzaga Patriota-PSB-PE
"C:\Users\carlo\Desktop\Repositorios-VScode\Projeto-Legislativo\scrap-pdf\banco-fotos\image26_2.jpeg",Greyce Elias-AVANTE-MG
"C:\Users\carlo\Desktop\Repositorios-VScode\Projeto-Legislativo\scrap-pdf\banco-fotos\image26_3.jpeg",Guiga Peixoto-UNIÃO-SP
"C:\Users\carlo\Desktop\Repositorios-VScode\Projeto-Legislativo\scrap-pdf\banco-fotos\image26_4.jpeg",Guilherme Mussi-PP-SP
"C:\Users\carlo\Desktop\Repositorios-VScode\Projeto-Legislativo\scrap-pdf\banco-fotos\image26_5.jpeg",Gurgel-UNIÃO-RJ
"C:\Users\carlo\Desktop\Repositorios-VScode\Projeto-Legislativo\scrap-pdf\banco-fotos\image26_6.jpeg",Gustavo Fruet-PDT-PR
"C:\Users\carlo\Desktop\Repositorios-VScode\Projeto-Legislativo\scrap-pdf\banco-fotos\image26_7.jpeg",Gustinho Ribeiro-REPUBLICANOS-SE
"C:\Users\carlo\Desktop\Repositorios-VScode\Projeto-Legislativo\scrap-pdf\banco-fotos\image26_8.jpeg",Gutemberg Reis-MDB-RJ
"C:\Users\carlo\Desktop\Repositorios-VScode\Projeto-Legislativo\scrap-pdf\banco-fotos\image26_9.jpeg",Haroldo Cathedral-PSD-RR
"C:\Users\carlo\Desktop\Repositorios-VScode\Projeto-Legislativo\scrap-pdf\banco-fotos\image27_1.jpeg",Heitor Freire-UNIÃO-CE
"C:\Users\carlo\Desktop\Repositorios-VScode\Projeto-Legislativo\scrap-pdf\banco-fotos\image27_10.jpeg",Heitor Schuch-PSB-RS
"C:\Users\carlo\Desktop\Repositorios-VScode\Projeto-Legislativo\scrap-pdf\banco-fotos\image27_11.jpeg",Helder Salomão-PT-ES
"C:\Users\carlo\Desktop\Repositorios-VScode\Projeto-Legislativo\scrap-pdf\banco-fotos\image27_12.jpeg",Hélio Costa-PSD-SC
"C:\Users\carlo\Desktop\Repositorios-VScode\Projeto-Legislativo\scrap-pdf\banco-fotos\image27_2.jpeg",Hélio Leite-UNIÃO-PA
"C:\Users\carlo\Desktop\Repositorios-VScode\Projeto-Legislativo\scrap-pdf\banco-fotos\image27_3.jpeg",Helio Lopes-PL-RJ
"C:\Users\carlo\Desktop\Repositorios-VScode\Projeto-Legislativo\scrap-pdf\banco-fotos\image27_4.jpeg",Henrique Fontana-PT-RS
"C:\Users\carlo\Desktop\Repositorios-VScode\Projeto-Legislativo\scrap-pdf\banco-fotos\image27_5.jpeg",Hercílio Coelho Diniz-MDB-MG
"C:\Users\carlo\Desktop\Repositorios-VScode\Projeto-Legislativo\scrap-pdf\banco-fotos\image27_6.jpeg",Herculano Passos-REPUBLICANOS-SP
"C:\Users\carlo\Desktop\Repositorios-VScode\Projeto-Legislativo\scrap-pdf\banco-fotos\image27_7.jpeg",Hermes Parcianello-MDB-PR
"C:\Users\carlo\Desktop\Repositorios-VScode\Projeto-Legislativo\scrap-pdf\banco-fotos\image27_8.jpeg",Hildo Rocha-MDB-MA
"C:\Users\carlo\Desktop\Repositorios-VScode\Projeto-Legislativo\scrap-pdf\banco-fotos\image27_9.jpeg",Hiran Gonçalves-PP-RR
"C:\Users\carlo\Desktop\Repositorios-VScode\Projeto-Legislativo\scrap-pdf\banco-fotos\image28_1.jpeg",Hugo Leal-PSD-RJ
"C:\Users\carlo\Desktop\Repositorios-VScode\Projeto-Legislativo\scrap-pdf\banco-fotos\image28_10.jpeg",Hugo Motta-REPUBLICANOS-PB
"C:\Users\carlo\Desktop\Repositorios-VScode\Projeto-Legislativo\scrap-pdf\banco-fotos\image28_11.jpeg",Idilvan Alencar-PDT-CE
"C:\Users\carlo\Desktop\Repositorios-VScode\Projeto-Legislativo\scrap-pdf\banco-fotos\image28_12.jpeg",Igor Kannário-UNIÃO-BA
"C:\Users\carlo\Desktop\Repositorios-VScode\Projeto-Legislativo\scrap-pdf\banco-fotos\image28_2.jpeg",Igor Timo-PODE-MG
"C:\Users\carlo\Desktop\Repositorios-VScode\Projeto-Legislativo\scrap-pdf\banco-fotos\image28_3.jpeg",Isnaldo Bulhões Jr.-MDB-AL
"C:\Users\carlo\Desktop\Repositorios-VScode\Projeto-Legislativo\scrap-pdf\banco-fotos\image28_4.jpeg",Ivan Valente-PSOL-SP
"C:\Users\carlo\Desktop\Repositorios-VScode\Projeto-Legislativo\scrap-pdf\banco-fotos\image28_5.jpeg",Jandira Feghali-PCdoB-RJ
"C:\Users\carlo\Desktop\Repositorios-VScode\Projeto-Legislativo\scrap-pdf\banco-fotos\image28_6.jpeg",Jaqueline Cassol-PP-RO
"C:\Users\carlo\Desktop\Repositorios-VScode\Projeto-Legislativo\scrap-pdf\banco-fotos\image28_7.jpeg",Jefferson Campos-PL-SP
"C:\Users\carlo\Desktop\Repositorios-VScode\Projeto-Legislativo\scrap-pdf\banco-fotos\image28_8.jpeg",Jerônimo Goergen-PP-RS
"C:\Users\carlo\Desktop\Repositorios-VScode\Projeto-Legislativo\scrap-pdf\banco-fotos\image28_9.jpeg",Jéssica Sales-MDB-AC
"C:\Users\carlo\Desktop\Repositorios-VScode\Projeto-Legislativo\scrap-pdf\banco-fotos\image29_1.jpeg",Jesus Sérgio-PDT-AC
"C:\Users\carlo\Desktop\Repositorios-VScode\Projeto-Legislativo\scrap-pdf\banco-fotos\image29_10.jpeg",Jhonatan de Jesus-REPUBLICANOS-RR
"C:\Users\carlo\Desktop\Repositorios-VScode\Projeto-Legislativo\scrap-pdf\banco-fotos\image29_11.jpeg",João Campos-REPUBLICANOS-GO
"C:\Users\carlo\Desktop\Repositorios-VScode\Projeto-Legislativo\scrap-pdf\banco-fotos\image29_12.jpeg",João Carlos Bacelar-PL-BA
"C:\Users\carlo\Desktop\Repositorios-VScode\Projeto-Legislativo\scrap-pdf\banco-fotos\image29_2.jpeg",João Daniel-PT-SE
"C:\Users\carlo\Desktop\Repositorios-VScode\Projeto-Legislativo\scrap-pdf\banco-fotos\image29_3.jpeg",João Maia-PL-RN
"C:\Users\carlo\Desktop\Repositorios-VScode\Projeto-Legislativo\scrap-pdf\banco-fotos\image29_4.jpeg",João Roma-PL-BA
"C:\Users\carlo\Desktop\Repositorios-VScode\Projeto-Legislativo\scrap-pdf\banco-fotos\image29_5.jpeg",Joaquim Passarinho-PL-PA
"C:\Users\carlo\Desktop\Repositorios-VScode\Projeto-Legislativo\scrap-pdf\banco-fotos\image29_6.jpeg",Joenia Wapichana-REDE-RR
"C:\Users\carlo\Desktop\Repositorios-VScode\Projeto-Legislativo\scrap-pdf\banco-fotos\image29_7.jpeg",Joice Hasselmann-PSDB-SP
"C:\Users\carlo\Desktop\Repositorios-VScode\Projeto-Legislativo\scrap-pdf\banco-fotos\image29_8.jpeg",Jones Moura-PSD-RJ
"C:\Users\carlo\Desktop\Repositorios-VScode\Projeto-Legislativo\scrap-pdf\banco-fotos\image29_9.jpeg",Jorge Braz-REPUBLICANOS-RJ
"C:\Users\carlo\Desktop\Repositorios-VScode\Projeto-Legislativo\scrap-pdf\banco-fotos\image2_1.jpeg",Jorge Solla-PT-BA
"C:\Users\carlo\Desktop\Repositorios-VScode\Projeto-Legislativo\scrap-pdf\banco-fotos\image2_10.jpeg",Jorielson-PL-AP
"C:\Users\carlo\Desktop\Repositorios-VScode\Projeto-Legislativo\scrap-pdf\banco-fotos\image2_11.jpeg",José Airton Félix Cirilo-PT-CE
"C:\Users\carlo\Desktop\Repositorios-VScode\Projeto-Legislativo\scrap-pdf\banco-fotos\image2_12.jpeg",José Guimarães-PT-CE
"C:\Users\carlo\Desktop\Repositorios-VScode\Projeto-Legislativo\scrap-pdf\banco-fotos\image2_2.jpeg",Jose Mario Schreiner-MDB-GO
"C:\Users\carlo\Desktop\Repositorios-VScode\Projeto-Legislativo\scrap-pdf\banco-fotos\image2_3.jpeg",José Medeiros-PL-MT
"C:\Users\carlo\Desktop\Repositorios-VScode\Projeto-Legislativo\scrap-pdf\banco-fotos\image2_4.jpeg",José Nelto-PODE-GO
"C:\Users\carlo\Desktop\Repositorios-VScode\Projeto-Legislativo\scrap-pdf\banco-fotos\image2_5.jpeg",José Nunes-PSD-BA
"C:\Users\carlo\Desktop\Repositorios-VScode\Projeto-Legislativo\scrap-pdf\banco-fotos\image2_6.jpeg",José Priante-MDB-PA
"C:\Users\carlo\Desktop\Repositorios-VScode\Projeto-Legislativo\scrap-pdf\banco-fotos\image2_7.jpeg",José Ricardo-PT-AM
"C:\Users\carlo\Desktop\Repositorios-VScode\Projeto-Legislativo\scrap-pdf\banco-fotos\image2_8.jpeg",José Rocha-UNIÃO-BA
"C:\Users\carlo\Desktop\Repositorios-VScode\Projeto-Legislativo\scrap-pdf\banco-fotos\image2_9.jpeg",Joseildo Ramos-PT-BA
"C:\Users\carlo\Desktop\Repositorios-VScode\Projeto-Legislativo\scrap-pdf\banco-fotos\image30_1.jpeg",Josias Gomes-PT-BA
"C:\Users\carlo\Desktop\Repositorios-VScode\Projeto-Legislativo\scrap-pdf\banco-fotos\image30_10.jpeg",Josimar Maranhãozinho-PL-MA
"C:\Users\carlo\Desktop\Repositorios-VScode\Projeto-Legislativo\scrap-pdf\banco-fotos\image30_11.jpeg",Josivaldo JP-PSD-MA
"C:\Users\carlo\Desktop\Repositorios-VScode\Projeto-Legislativo\scrap-pdf\banco-fotos\image30_12.jpeg",Juarez Costa-MDB-MT
"C:\Users\carlo\Desktop\Repositorios-VScode\Projeto-Legislativo\scrap-pdf\banco-fotos\image30_2.jpeg",Julian Lemos-UNIÃO-PB
"C:\Users\carlo\Desktop\Repositorios-VScode\Projeto-Legislativo\scrap-pdf\banco-fotos\image30_3.jpeg",Júlio Cesar-PSD-PI
"C:\Users\carlo\Desktop\Repositorios-VScode\Projeto-Legislativo\scrap-pdf\banco-fotos\image30_4.jpeg",Julio Cesar Ribeiro-REPUBLICANOS-DF
"C:\Users\carlo\Desktop\Repositorios-VScode\Projeto-Legislativo\scrap-pdf\banco-fotos\image30_5.jpeg",Júlio Delgado-PV-MG
"C:\Users\carlo\Desktop\Repositorios-VScode\Projeto-Legislativo\scrap-pdf\banco-fotos\image30_6.jpeg",Juninho do Pneu-UNIÃO-RJ
"C:\Users\carlo\Desktop\Repositorios-VScode\Projeto-Legislativo\scrap-pdf\banco-fotos\image30_7.jpeg",Junio Amaral-PL-MG
"C:\Users\carlo\Desktop\Repositorios-VScode\Projeto-Legislativo\scrap-pdf\banco-fotos\image30_8.jpeg",Júnior Ferrari-PSD-PA
"C:\Users\carlo\Desktop\Repositorios-VScode\Projeto-Legislativo\scrap-pdf\banco-fotos\image30_9.jpeg",Junior Lourenço-PL-MA
"C:\Users\carlo\Desktop\Repositorios-VScode\Projeto-Legislativo\scrap-pdf\banco-fotos\image31_1.jpeg",Júnior Mano-PL-CE
"C:\Users\carlo\Desktop\Repositorios-VScode\Projeto-Legislativo\scrap-pdf\banco-fotos\image31_10.jpeg",Juscelino Filho-UNIÃO-MA
"C:\Users\carlo\Desktop\Repositorios-VScode\Projeto-Legislativo\scrap-pdf\banco-fotos\image31_11.jpeg",Kim Kataguiri-UNIÃO-SP
"C:\Users\carlo\Desktop\Repositorios-VScode\Projeto-Legislativo\scrap-pdf\banco-fotos\image31_12.jpeg",Laercio Oliveira-PP-SE
"C:\Users\carlo\Desktop\Repositorios-VScode\Projeto-Legislativo\scrap-pdf\banco-fotos\image31_2.jpeg",Lafayette de Andrada-REPUBLICANOS-MG
"C:\Users\carlo\Desktop\Repositorios-VScode\Projeto-Legislativo\scrap-pdf\banco-fotos\image31_3.jpeg",Lauriete-PSC-ES
"C:\Users\carlo\Desktop\Repositorios-VScode\Projeto-Legislativo\scrap-pdf\banco-fotos\image31_4.jpeg",Leandre-PSD-PR
"C:\Users\carlo\Desktop\Repositorios-VScode\Projeto-Legislativo\scrap-pdf\banco-fotos\image31_5.jpeg",Leda Sadala-AVANTE-AP
"C:\Users\carlo\Desktop\Repositorios-VScode\Projeto-Legislativo\scrap-pdf\banco-fotos\image31_6.jpeg",Leo de Brito-PT-AC
"C:\Users\carlo\Desktop\Repositorios-VScode\Projeto-Legislativo\scrap-pdf\banco-fotos\image31_7.jpeg",Léo Moraes-PODE-RO
"C:\Users\carlo\Desktop\Repositorios-VScode\Projeto-Legislativo\scrap-pdf\banco-fotos\image31_8.jpeg",Léo Motta-REPUBLICANOS-MG
"C:\Users\carlo\Desktop\Repositorios-VScode\Projeto-Legislativo\scrap-pdf\banco-fotos\image31_9.jpeg",Leonardo Gadelha-PSC-PB
"C:\Users\carlo\Desktop\Repositorios-VScode\Projeto-Legislativo\scrap-pdf\banco-fotos\image32_1.jpeg",Leonardo Monteiro-PT-MG
"C:\Users\carlo\Desktop\Repositorios-VScode\Projeto-Legislativo\scrap-pdf\banco-fotos\image32_10.jpeg",Leônidas Cristino-PDT-CE
"C:\Users\carlo\Desktop\Repositorios-VScode\Projeto-Legislativo\scrap-pdf\banco-fotos\image32_11.jpeg",Leur Lomanto Júnior-UNIÃO-BA
"C:\Users\carlo\Desktop\Repositorios-VScode\Projeto-Legislativo\scrap-pdf\banco-fotos\image32_12.jpeg",Lídice da Mata-PSB-BA
"C:\Users\carlo\Desktop\Repositorios-VScode\Projeto-Legislativo\scrap-pdf\banco-fotos\image32_2.jpeg",Lincoln Portela-PL-MG
"C:\Users\carlo\Desktop\Repositorios-VScode\Projeto-Legislativo\scrap-pdf\banco-fotos\image32_3.jpeg",Liziane Bayer-REPUBLICANOS-RS
"C:\Users\carlo\Desktop\Repositorios-VScode\Projeto-Legislativo\scrap-pdf\banco-fotos\image32_4.jpeg",Loester Trutis-PL-MS
"C:\Users\carlo\Desktop\Repositorios-VScode\Projeto-Legislativo\scrap-pdf\banco-fotos\image32_5.jpeg",Lourival Gomes-UNIÃO-RJ
"C:\Users\carlo\Desktop\Repositorios-VScode\Projeto-Legislativo\scrap-pdf\banco-fotos\image32_6.jpeg",Lucas Gonzalez-NOVO-MG
"C:\Users\carlo\Desktop\Repositorios-VScode\Projeto-Legislativo\scrap-pdf\banco-fotos\image32_7.jpeg",Lucas Redecker-PSDB-RS
"C:\Users\carlo\Desktop\Repositorios-VScode\Projeto-Legislativo\scrap-pdf\banco-fotos\image32_8.jpeg",Lucas Vergilio-SOLIDARIEDADE-GO
"C:\Users\carlo\Desktop\Repositorios-VScode\Projeto-Legislativo\scrap-pdf\banco-fotos\image32_9.jpeg",Luciano Bivar-UNIÃO-PE
"C:\Users\carlo\Desktop\Repositorios-VScode\Projeto-Legislativo\scrap-pdf\banco-fotos\image33_1.jpeg",Luciano Ducci-PSB-PR
"C:\Users\carlo\Desktop\Repositorios-VScode\Projeto-Legislativo\scrap-pdf\banco-fotos\image33_10.jpeg",Lucio Mosquini-MDB-RO
"C:\Users\carlo\Desktop\Repositorios-VScode\Projeto-Legislativo\scrap-pdf\banco-fotos\image33_11.jpeg",Luis Miranda-REPUBLICANOS-DF
"C:\Users\carlo\Desktop\Repositorios-VScode\Projeto-Legislativo\scrap-pdf\banco-fotos\image33_12.jpeg",Luis Tibé-AVANTE-MG
"C:\Users\carlo\Desktop\Repositorios-VScode\Projeto-Legislativo\scrap-pdf\banco-fotos\image33_2.jpeg",Luisa Canziani-PSD-PR
"C:\Users\carlo\Desktop\Repositorios-VScode\Projeto-Legislativo\scrap-pdf\banco-fotos\image33_3.jpeg",Luiz Antônio Corrêa-PP-RJ
"C:\Users\carlo\Desktop\Repositorios-VScode\Projeto-Legislativo\scrap-pdf\banco-fotos\image33_4.jpeg",Luiz Carlos-PSDB-AP
"C:\Users\carlo\Desktop\Repositorios-VScode\Projeto-Legislativo\scrap-pdf\banco-fotos\image33_5.jpeg",Luiz Carlos Motta-PL-SP
"C:\Users\carlo\Desktop\Repositorios-VScode\Projeto-Legislativo\scrap-pdf\banco-fotos\image33_6.jpeg",Luiz Lima-PL-RJ
"C:\Users\carlo\Desktop\Repositorios-VScode\Projeto-Legislativo\scrap-pdf\banco-fotos\image33_7.jpeg",Luiz Nishimori-PSD-PR
"C:\Users\carlo\Desktop\Repositorios-VScode\Projeto-Legislativo\scrap-pdf\banco-fotos\image33_8.jpeg",Luiz Philippe de Orleans e Bragança-PL-SP
"C:\Users\carlo\Desktop\Repositorios-VScode\Projeto-Legislativo\scrap-pdf\banco-fotos\image33_9.jpeg",Luiza Erundina-PSOL-SP
"C:\Users\carlo\Desktop\Repositorios-VScode\Projeto-Legislativo\scrap-pdf\banco-fotos\image34_1.jpeg",Luizão Goulart-SOLIDARIEDADE-PR
"C:\Users\carlo\Desktop\Repositorios-VScode\Projeto-Legislativo\scrap-pdf\banco-fotos\image34_10.jpeg",Luizianne Lins-PT-CE
"C:\Users\carlo\Desktop\Repositorios-VScode\Projeto-Legislativo\scrap-pdf\banco-fotos\image34_11.jpeg",Magda Mofatto-PL-GO
"C:\Users\carlo\Desktop\Repositorios-VScode\Projeto-Legislativo\scrap-pdf\banco-fotos\image34_12.jpeg",Major Fabiana-PL-RJ
"C:\Users\carlo\Desktop\Repositorios-VScode\Projeto-Legislativo\scrap-pdf\banco-fotos\image34_2.jpeg",Mara Rocha-MDB-AC
"C:\Users\carlo\Desktop\Repositorios-VScode\Projeto-Legislativo\scrap-pdf\banco-fotos\image34_3.jpeg",Marcel van Hattem-NOVO-RS
"C:\Users\carlo\Desktop\Repositorios-VScode\Projeto-Legislativo\scrap-pdf\banco-fotos\image34_4.jpeg",Marcelo Álvaro Antônio-PL-MG
"C:\Users\carlo\Desktop\Repositorios-VScode\Projeto-Legislativo\scrap-pdf\banco-fotos\image34_5.jpeg",Marcelo Aro-PP-MG
"C:\Users\carlo\Desktop\Repositorios-VScode\Projeto-Legislativo\scrap-pdf\banco-fotos\image34_6.jpeg",Marcelo Calero-PSD-RJ
"C:\Users\carlo\Desktop\Repositorios-VScode\Projeto-Legislativo\scrap-pdf\banco-fotos\image34_7.jpeg",Marcelo Freixo-PSB-RJ
"C:\Users\carlo\Desktop\Repositorios-VScode\Projeto-Legislativo\scrap-pdf\banco-fotos\image34_8.jpeg",Marcelo Moraes-PL-RS
"C:\Users\carlo\Desktop\Repositorios-VScode\Projeto-Legislativo\scrap-pdf\banco-fotos\image34_9.jpeg",Marcelo Nilo-REPUBLICANOS-BA
"C:\Users\carlo\Desktop\Repositorios-VScode\Projeto-Legislativo\scrap-pdf\banco-fotos\image35_1.jpeg",Marcelo Ramos-PSD-AM
"C:\Users\carlo\Desktop\Repositorios-VScode\Projeto-Legislativo\scrap-pdf\banco-fotos\image35_10.jpeg",Marcelo Squassoni-REPUBLICANOS-SP
"C:\Users\carlo\Desktop\Repositorios-VScode\Projeto-Legislativo\scrap-pdf\banco-fotos\image35_11.jpeg",Marcio Alvino-PL-SP
"C:\Users\carlo\Desktop\Repositorios-VScode\Projeto-Legislativo\scrap-pdf\banco-fotos\image35_12.jpeg",Márcio Biolchi-MDB-RS
"C:\Users\carlo\Desktop\Repositorios-VScode\Projeto-Legislativo\scrap-pdf\banco-fotos\image35_2.jpeg",Márcio Jerry-PCdoB-MA
"C:\Users\carlo\Desktop\Repositorios-VScode\Projeto-Legislativo\scrap-pdf\banco-fotos\image35_3.jpeg",Márcio Labre-PL-RJ
"C:\Users\carlo\Desktop\Repositorios-VScode\Projeto-Legislativo\scrap-pdf\banco-fotos\image35_4.jpeg",Márcio Marinho-REPUBLICANOS-BA
"C:\Users\carlo\Desktop\Repositorios-VScode\Projeto-Legislativo\scrap-pdf\banco-fotos\image35_5.jpeg",Marco Bertaiolli-PSD-SP
"C:\Users\carlo\Desktop\Repositorios-VScode\Projeto-Legislativo\scrap-pdf\banco-fotos\image35_6.jpeg",Marcon-PT-RS
"C:\Users\carlo\Desktop\Repositorios-VScode\Projeto-Legislativo\scrap-pdf\banco-fotos\image35_7.jpeg",Marcos Aurélio Sampaio-PSD-PI
"C:\Users\carlo\Desktop\Repositorios-VScode\Projeto-Legislativo\scrap-pdf\banco-fotos\image35_8.jpeg",Marcos Pereira-REPUBLICANOS-SP
"C:\Users\carlo\Desktop\Repositorios-VScode\Projeto-Legislativo\scrap-pdf\banco-fotos\image35_9.jpeg",Marcos Soares-UNIÃO-RJ
"C:\Users\carlo\Desktop\Repositorios-VScode\Projeto-Legislativo\scrap-pdf\banco-fotos\image36_1.jpeg",Margarete Coelho-PP-PI
"C:\Users\carlo\Desktop\Repositorios-VScode\Projeto-Legislativo\scrap-pdf\banco-fotos\image36_10.jpeg",Maria do Rosário-PT-RS
"C:\Users\carlo\Desktop\Repositorios-VScode\Projeto-Legislativo\scrap-pdf\banco-fotos\image36_11.jpeg",Mariana Carvalho-PSDB-RO
"C:\Users\carlo\Desktop\Repositorios-VScode\Projeto-Legislativo\scrap-pdf\banco-fotos\image36_12.jpeg",Marília Arraes-PT-PE
"C:\Users\carlo\Desktop\Repositorios-VScode\Projeto-Legislativo\scrap-pdf\banco-fotos\image36_2.jpeg",Marina Santos-REPUBLICANOS-PI
"C:\Users\carlo\Desktop\Repositorios-VScode\Projeto-Legislativo\scrap-pdf\banco-fotos\image36_3.jpeg",Mário Heringer-PDT-MG
"C:\Users\carlo\Desktop\Repositorios-VScode\Projeto-Legislativo\scrap-pdf\banco-fotos\image36_4.jpeg",Mário Negromonte Jr.-PP-BA
"C:\Users\carlo\Desktop\Repositorios-VScode\Projeto-Legislativo\scrap-pdf\banco-fotos\image36_5.jpeg",Marlon Santos-PL-RS
"C:\Users\carlo\Desktop\Repositorios-VScode\Projeto-Legislativo\scrap-pdf\banco-fotos\image36_6.jpeg",Marreca Filho-PATRIOTA-MA
"C:\Users\carlo\Desktop\Repositorios-VScode\Projeto-Legislativo\scrap-pdf\banco-fotos\image36_7.jpeg",Marx Beltrão-PP-AL
"C:\Users\carlo\Desktop\Repositorios-VScode\Projeto-Legislativo\scrap-pdf\banco-fotos\image36_8.jpeg",Maurício Dziedricki-PODE-RS
"C:\Users\carlo\Desktop\Repositorios-VScode\Projeto-Legislativo\scrap-pdf\banco-fotos\image36_9.jpeg",Mauro Benevides Filho-PDT-CE
"C:\Users\carlo\Desktop\Repositorios-VScode\Projeto-Legislativo\scrap-pdf\banco-fotos\image37_1.jpeg",Mauro Lopes-PP-MG
"C:\Users\carlo\Desktop\Repositorios-VScode\Projeto-Legislativo\scrap-pdf\banco-fotos\image37_10.jpeg",Mauro Nazif-PSB-RO
"C:\Users\carlo\Desktop\Repositorios-VScode\Projeto-Legislativo\scrap-pdf\banco-fotos\image37_11.jpeg",Merlong Solano-PT-PI
"C:\Users\carlo\Desktop\Repositorios-VScode\Projeto-Legislativo\scrap-pdf\banco-fotos\image37_12.jpeg",Miguel Lombardi-PL-SP
"C:\Users\carlo\Desktop\Repositorios-VScode\Projeto-Legislativo\scrap-pdf\banco-fotos\image37_2.jpeg",Milton Coelho-PSB-PE
"C:\Users\carlo\Desktop\Repositorios-VScode\Projeto-Legislativo\scrap-pdf\banco-fotos\image37_3.jpeg",Milton Vieira-REPUBLICANOS-SP
"C:\Users\carlo\Desktop\Repositorios-VScode\Projeto-Legislativo\scrap-pdf\banco-fotos\image37_4.jpeg",Misael Varella-PSD-MG
"C:\Users\carlo\Desktop\Repositorios-VScode\Projeto-Legislativo\scrap-pdf\banco-fotos\image37_5.jpeg",Moses Rodrigues-MDB-CE
"C:\Users\carlo\Desktop\Repositorios-VScode\Projeto-Legislativo\scrap-pdf\banco-fotos\image37_6.jpeg",Natália Bonavides-PT-RN
"C:\Users\carlo\Desktop\Repositorios-VScode\Projeto-Legislativo\scrap-pdf\banco-fotos\image37_7.jpeg",Nelho Bezerra-PROS-CE
"C:\Users\carlo\Desktop\Repositorios-VScode\Projeto-Legislativo\scrap-pdf\banco-fotos\image37_8.jpeg",Nelson Barbudo-PL-MT
"C:\Users\carlo\Desktop\Repositorios-VScode\Projeto-Legislativo\scrap-pdf\banco-fotos\image37_9.jpeg",Nereu Crispim-PSD-RS
"C:\Users\carlo\Desktop\Repositorios-VScode\Projeto-Legislativo\scrap-pdf\banco-fotos\image38_1.jpeg",Neri Geller-PP-MT
"C:\Users\carlo\Desktop\Repositorios-VScode\Projeto-Legislativo\scrap-pdf\banco-fotos\image38_10.jpeg",Neucimar Fraga-PP-ES
"C:\Users\carlo\Desktop\Repositorios-VScode\Projeto-Legislativo\scrap-pdf\banco-fotos\image38_11.jpeg",Newton Cardoso Jr-MDB-MG
"C:\Users\carlo\Desktop\Repositorios-VScode\Projeto-Legislativo\scrap-pdf\banco-fotos\image38_12.jpeg",Ney Leprevost-PSD-PR
"C:\Users\carlo\Desktop\Repositorios-VScode\Projeto-Legislativo\scrap-pdf\banco-fotos\image38_2.jpeg",Nicoletti-UNIÃO-RR
"C:\Users\carlo\Desktop\Repositorios-VScode\Projeto-Legislativo\scrap-pdf\banco-fotos\image38_3.jpeg",Nilson Pinto-PSDB-PA
"C:\Users\carlo\Desktop\Repositorios-VScode\Projeto-Legislativo\scrap-pdf\banco-fotos\image38_4.jpeg",Nilto Tatto-PT-SP
"C:\Users\carlo\Desktop\Repositorios-VScode\Projeto-Legislativo\scrap-pdf\banco-fotos\image38_5.jpeg",Nivaldo Albuquerque-REPUBLICANOS-AL
"C:\Users\carlo\Desktop\Repositorios-VScode\Projeto-Legislativo\scrap-pdf\banco-fotos\image38_6.jpeg",Norma Ayub-PP-ES
"C:\Users\carlo\Desktop\Repositorios-VScode\Projeto-Legislativo\scrap-pdf\banco-fotos\image38_7.jpeg",Odair Cunha-PT-MG
"C:\Users\carlo\Desktop\Repositorios-VScode\Projeto-Legislativo\scrap-pdf\banco-fotos\image38_8.jpeg",Olival Marques-MDB-PA
"C:\Users\carlo\Desktop\Repositorios-VScode\Projeto-Legislativo\scrap-pdf\banco-fotos\image38_9.jpeg",Onyx Lorenzoni-PL-RS
"C:\Users\carlo\Desktop\Repositorios-VScode\Projeto-Legislativo\scrap-pdf\banco-fotos\image39_1.jpeg",Orlando Silva-PCdoB-SP
"C:\Users\carlo\Desktop\Repositorios-VScode\Projeto-Legislativo\scrap-pdf\banco-fotos\image39_10.jpeg",Osires Damaso-PSC-TO
"C:\Users\carlo\Desktop\Repositorios-VScode\Projeto-Legislativo\scrap-pdf\banco-fotos\image39_11.jpeg",Osmar Serraglio-PP-PR
"C:\Users\carlo\Desktop\Repositorios-VScode\Projeto-Legislativo\scrap-pdf\banco-fotos\image39_12.jpeg",Osmar Terra-MDB-RS
"C:\Users\carlo\Desktop\Repositorios-VScode\Projeto-Legislativo\scrap-pdf\banco-fotos\image39_2.jpeg",Ossesio Silva-REPUBLICANOS-PE
"C:\Users\carlo\Desktop\Repositorios-VScode\Projeto-Legislativo\scrap-pdf\banco-fotos\image39_3.jpeg",Otoni de Paula-MDB-RJ
"C:\Users\carlo\Desktop\Repositorios-VScode\Projeto-Legislativo\scrap-pdf\banco-fotos\image39_4.jpeg",Ottaci Nascimento-SOLIDARIEDADE-RR
"C:\Users\carlo\Desktop\Repositorios-VScode\Projeto-Legislativo\scrap-pdf\banco-fotos\image39_5.jpeg",Otto Alencar Filho-PSD-BA
"C:\Users\carlo\Desktop\Repositorios-VScode\Projeto-Legislativo\scrap-pdf\banco-fotos\image39_6.jpeg",Padre João-PT-MG
"C:\Users\carlo\Desktop\Repositorios-VScode\Projeto-Legislativo\scrap-pdf\banco-fotos\image39_7.jpeg",Paes Landim-PTB-PI
"C:\Users\carlo\Desktop\Repositorios-VScode\Projeto-Legislativo\scrap-pdf\banco-fotos\image39_8.jpeg",Pastor Eurico-PL-PE
"C:\Users\carlo\Desktop\Repositorios-VScode\Projeto-Legislativo\scrap-pdf\banco-fotos\image39_9.jpeg",Pastor Gil-PL-MA
"C:\Users\carlo\Desktop\Repositorios-VScode\Projeto-Legislativo\scrap-pdf\banco-fotos\image3_1.jpeg",Pastor Sargento Isidório-AVANTE-BA
"C:\Users\carlo\Desktop\Repositorios-VScode\Projeto-Legislativo\scrap-pdf\banco-fotos\image3_10.jpeg",Patrick Dorneles-PSD-PB
"C:\Users\carlo\Desktop\Repositorios-VScode\Projeto-Legislativo\scrap-pdf\banco-fotos\image3_11.jpeg",Patrus Ananias-PT-MG
"C:\Users\carlo\Desktop\Repositorios-VScode\Projeto-Legislativo\scrap-pdf\banco-fotos\image3_12.jpeg",Paula Belmonte-CIDADANIA-DF
"C:\Users\carlo\Desktop\Repositorios-VScode\Projeto-Legislativo\scrap-pdf\banco-fotos\image3_2.jpeg",Paulão-PT-AL
"C:\Users\carlo\Desktop\Repositorios-VScode\Projeto-Legislativo\scrap-pdf\banco-fotos\image3_3.jpeg",Paulinho da Força-SOLIDARIEDADE-SP
"C:\Users\carlo\Desktop\Repositorios-VScode\Projeto-Legislativo\scrap-pdf\banco-fotos\image3_4.jpeg",Paulo Abi-Ackel-PSDB-MG
"C:\Users\carlo\Desktop\Repositorios-VScode\Projeto-Legislativo\scrap-pdf\banco-fotos\image3_5.jpeg",Paulo Azi-UNIÃO-BA
"C:\Users\carlo\Desktop\Repositorios-VScode\Projeto-Legislativo\scrap-pdf\banco-fotos\image3_6.jpeg",Paulo Bengtson-PTB-PA
"C:\Users\carlo\Desktop\Repositorios-VScode\Projeto-Legislativo\scrap-pdf\banco-fotos\image3_7.jpeg",Paulo Eduardo Martins-PL-PR
"C:\Users\carlo\Desktop\Repositorios-VScode\Projeto-Legislativo\scrap-pdf\banco-fotos\image3_8.jpeg",Paulo Foletto-PSB-ES
"C:\Users\carlo\Desktop\Repositorios-VScode\Projeto-Legislativo\scrap-pdf\banco-fotos\image3_9.jpeg",Paulo Freire Costa-PL-SP
"C:\Users\carlo\Desktop\Repositorios-VScode\Projeto-Legislativo\scrap-pdf\banco-fotos\image40_1.jpeg",Paulo Ganime-NOVO-RJ
"C:\Users\carlo\Desktop\Repositorios-VScode\Projeto-Legislativo\scrap-pdf\banco-fotos\image40_10.jpeg",Paulo Guedes-PT-MG
"C:\Users\carlo\Desktop\Repositorios-VScode\Projeto-Legislativo\scrap-pdf\banco-fotos\image40_11.jpeg",Paulo Pimenta-PT-RS
"C:\Users\carlo\Desktop\Repositorios-VScode\Projeto-Legislativo\scrap-pdf\banco-fotos\image40_12.jpeg",Paulo Ramos-PDT-RJ
"C:\Users\carlo\Desktop\Repositorios-VScode\Projeto-Legislativo\scrap-pdf\banco-fotos\image40_2.jpeg",Paulo Teixeira-PT-SP
"C:\Users\carlo\Desktop\Repositorios-VScode\Projeto-Legislativo\scrap-pdf\banco-fotos\image40_3.jpeg",Pedro Augusto Bezerra-PDT-CE
"C:\Users\carlo\Desktop\Repositorios-VScode\Projeto-Legislativo\scrap-pdf\banco-fotos\image40_4.jpeg",Pedro Augusto Palareti-PP-RJ
"C:\Users\carlo\Desktop\Repositorios-VScode\Projeto-Legislativo\scrap-pdf\banco-fotos\image40_5.jpeg",Pedro Lucas Fernandes-UNIÃO-MA
"C:\Users\carlo\Desktop\Repositorios-VScode\Projeto-Legislativo\scrap-pdf\banco-fotos\image40_6.jpeg",Pedro Lupion-PP-PR
"C:\Users\carlo\Desktop\Repositorios-VScode\Projeto-Legislativo\scrap-pdf\banco-fotos\image40_7.jpeg",Pedro Paulo-PSD-RJ
"C:\Users\carlo\Desktop\Repositorios-VScode\Projeto-Legislativo\scrap-pdf\banco-fotos\image40_8.jpeg",Pedro Uczai-PT-SC
"C:\Users\carlo\Desktop\Repositorios-VScode\Projeto-Legislativo\scrap-pdf\banco-fotos\image40_9.jpeg",Pedro Vilela-PSDB-AL
"C:\Users\carlo\Desktop\Repositorios-VScode\Projeto-Legislativo\scrap-pdf\banco-fotos\image41_1.jpeg",Pedro Westphalen-PP-RS
"C:\Users\carlo\Desktop\Repositorios-VScode\Projeto-Legislativo\scrap-pdf\banco-fotos\image41_10.jpeg",Perpétua Almeida-PCdoB-AC
"C:\Users\carlo\Desktop\Repositorios-VScode\Projeto-Legislativo\scrap-pdf\banco-fotos\image41_11.jpeg",Pinheirinho-PP-MG
"C:\Users\carlo\Desktop\Repositorios-VScode\Projeto-Legislativo\scrap-pdf\banco-fotos\image41_12.jpeg",Policial Katia Sastre-PL-SP
"C:\Users\carlo\Desktop\Repositorios-VScode\Projeto-Legislativo\scrap-pdf\banco-fotos\image41_2.jpeg",Pompeo de Mattos-PDT-RS
"C:\Users\carlo\Desktop\Repositorios-VScode\Projeto-Legislativo\scrap-pdf\banco-fotos\image41_3.jpeg",Pr. Marco Feliciano-PL-SP
"C:\Users\carlo\Desktop\Repositorios-VScode\Projeto-Legislativo\scrap-pdf\banco-fotos\image41_4.jpeg",Professor Alcides-PL-GO
"C:\Users\carlo\Desktop\Repositorios-VScode\Projeto-Legislativo\scrap-pdf\banco-fotos\image41_5.jpeg",Professor Israel Batista-PV-DF
"C:\Users\carlo\Desktop\Repositorios-VScode\Projeto-Legislativo\scrap-pdf\banco-fotos\image41_6.jpeg",Professor Joziel-UNIÃO-RJ
"C:\Users\carlo\Desktop\Repositorios-VScode\Projeto-Legislativo\scrap-pdf\banco-fotos\image41_7.jpeg",Professora Dayane Pimentel-UNIÃO-BA
"C:\Users\carlo\Desktop\Repositorios-VScode\Projeto-Legislativo\scrap-pdf\banco-fotos\image41_8.jpeg",Professora Dorinha Seabra Rezende-UNIÃO-TO
"C:\Users\carlo\Desktop\Repositorios-VScode\Projeto-Legislativo\scrap-pdf\banco-fotos\image41_9.jpeg",Professora Marcivania-PCdoB-AP
"C:\Users\carlo\Desktop\Repositorios-VScode\Projeto-Legislativo\scrap-pdf\banco-fotos\image42_1.jpeg",Professora Rosa Neide-PT-MT
"C:\Users\carlo\Desktop\Repositorios-VScode\Projeto-Legislativo\scrap-pdf\banco-fotos\image42_10.jpeg",Rafael Motta-PSB-RN
"C:\Users\carlo\Desktop\Repositorios-VScode\Projeto-Legislativo\scrap-pdf\banco-fotos\image42_11.jpeg",Raimundo Costa-PODE-BA
"C:\Users\carlo\Desktop\Repositorios-VScode\Projeto-Legislativo\scrap-pdf\banco-fotos\image42_12.jpeg",Raul Henry-MDB-PE
"C:\Users\carlo\Desktop\Repositorios-VScode\Projeto-Legislativo\scrap-pdf\banco-fotos\image42_2.jpeg",Reginaldo Lopes-PT-MG
"C:\Users\carlo\Desktop\Repositorios-VScode\Projeto-Legislativo\scrap-pdf\banco-fotos\image42_3.jpeg",Rejane Dias-PT-PI
"C:\Users\carlo\Desktop\Repositorios-VScode\Projeto-Legislativo\scrap-pdf\banco-fotos\image42_4.jpeg",Renata Abreu-PODE-SP
"C:\Users\carlo\Desktop\Repositorios-VScode\Projeto-Legislativo\scrap-pdf\banco-fotos\image42_5.jpeg",Renildo Calheiros-PCdoB-PE
"C:\Users\carlo\Desktop\Repositorios-VScode\Projeto-Legislativo\scrap-pdf\banco-fotos\image42_6.jpeg",Ricardo Barros-PP-PR
"C:\Users\carlo\Desktop\Repositorios-VScode\Projeto-Legislativo\scrap-pdf\banco-fotos\image42_7.jpeg",Ricardo da Karol-PSC-RJ
"C:\Users\carlo\Desktop\Repositorios-VScode\Projeto-Legislativo\scrap-pdf\banco-fotos\image42_8.jpeg",Ricardo Guidi-PSD-SC
"C:\Users\carlo\Desktop\Repositorios-VScode\Projeto-Legislativo\scrap-pdf\banco-fotos\image42_9.jpeg",Ricardo Izar-REPUBLICANOS-SP
"C:\Users\carlo\Desktop\Repositorios-VScode\Projeto-Legislativo\scrap-pdf\banco-fotos\image43_1.jpeg",Ricardo Silva-PSD-SP
"C:\Users\carlo\Desktop\Repositorios-VScode\Projeto-Legislativo\scrap-pdf\banco-fotos\image43_2.jpeg",Ricardo Teobaldo-PODE-PE
"C:\Users\carlo\Desktop\Repositorios-VScode\Projeto-Legislativo\scrap-pdf\banco-fotos\image43_3.jpeg",Robério Monteiro-PDT-CE
"C:\Users\carlo\Desktop\Repositorios-VScode\Projeto-Legislativo\scrap-pdf\banco-fotos\image43_4.jpeg",Roberto Alves-REPUBLICANOS-SP
"C:\Users\carlo\Desktop\Repositorios-VScode\Projeto-Legislativo\scrap-pdf\banco-fotos\image43_5.jpeg",Roberto de Lucena-REPUBLICANOS-SP
"C:\Users\carlo\Desktop\Repositorios-VScode\Projeto-Legislativo\scrap-pdf\banco-fotos\image43_6.jpeg",Rodrigo Agostinho-PSB-SP
"C:\Users\carlo\Desktop\Repositorios-VScode\Projeto-Legislativo\scrap-pdf\banco-fotos\image43_7.jpeg",Rodrigo Coelho-PODE-SC
"C:\Users\carlo\Desktop\Repositorios-VScode\Projeto-Legislativo\scrap-pdf\banco-fotos\image43_8.jpeg",Rodrigo de Castro-UNIÃO-MG
"C:\Users\carlo\Desktop\Repositorios-VScode\Projeto-Legislativo\scrap-pdf\banco-fotos\image43_9.jpeg",Rogério Correia-PT-MG
"C:\Users\carlo\Desktop\Repositorios-VScode\Projeto-Legislativo\scrap-pdf\banco-fotos\image4_1.jpeg",Rogério Peninha Mendonça-MDB-SC
"C:\Users\carlo\Desktop\Repositorios-VScode\Projeto-Legislativo\scrap-pdf\banco-fotos\image4_10.jpeg",Ronaldo Carletto-PP-BA
"C:\Users\carlo\Desktop\Repositorios-VScode\Projeto-Legislativo\scrap-pdf\banco-fotos\image4_11.jpeg",Rosana Valle-PL-SP
"C:\Users\carlo\Desktop\Repositorios-VScode\Projeto-Legislativo\scrap-pdf\banco-fotos\image4_12.jpeg",Rosangela Gomes-REPUBLICANOS-RJ
"C:\Users\carlo\Desktop\Repositorios-VScode\Projeto-Legislativo\scrap-pdf\banco-fotos\image4_2.jpeg",Rose Modesto-PSDB-MS
"C:\Users\carlo\Desktop\Repositorios-VScode\Projeto-Legislativo\scrap-pdf\banco-fotos\image4_3.jpeg",Rossoni-PSDB-PR
"C:\Users\carlo\Desktop\Repositorios-VScode\Projeto-Legislativo\scrap-pdf\banco-fotos\image4_4.jpeg",Rubens Bueno-CIDADANIA-PR
"C:\Users\carlo\Desktop\Repositorios-VScode\Projeto-Legislativo\scrap-pdf\banco-fotos\image4_5.jpeg",Rubens Otoni-PT-GO
"C:\Users\carlo\Desktop\Repositorios-VScode\Projeto-Legislativo\scrap-pdf\banco-fotos\image4_6.jpeg",Rubens Pereira Júnior-PT-MA
"C:\Users\carlo\Desktop\Repositorios-VScode\Projeto-Legislativo\scrap-pdf\banco-fotos\image4_7.jpeg",Rui Falcão-PT-SP
"C:\Users\carlo\Desktop\Repositorios-VScode\Projeto-Legislativo\scrap-pdf\banco-fotos\image4_8.jpeg",Ruy Carneiro-PSDB-PB
"C:\Users\carlo\Desktop\Repositorios-VScode\Projeto-Legislativo\scrap-pdf\banco-fotos\image4_9.jpeg",Sâmia Bomfim-PSOL-SP
"C:\Users\carlo\Desktop\Repositorios-VScode\Projeto-Legislativo\scrap-pdf\banco-fotos\image5_1.jpeg",Samuel Moreira-PSDB-SP
"C:\Users\carlo\Desktop\Repositorios-VScode\Projeto-Legislativo\scrap-pdf\banco-fotos\image5_10.jpeg",Sanderson-PL-RS
"C:\Users\carlo\Desktop\Repositorios-VScode\Projeto-Legislativo\scrap-pdf\banco-fotos\image5_11.jpeg",Sandro Alex-PSD-PR
"C:\Users\carlo\Desktop\Repositorios-VScode\Projeto-Legislativo\scrap-pdf\banco-fotos\image5_12.jpeg",Sargento Fahur-PSD-PR
"C:\Users\carlo\Desktop\Repositorios-VScode\Projeto-Legislativo\scrap-pdf\banco-fotos\image5_2.jpeg",Sebastião Oliveira-AVANTE-PE
"C:\Users\carlo\Desktop\Repositorios-VScode\Projeto-Legislativo\scrap-pdf\banco-fotos\image5_3.jpeg",Sérgio Brito-PSD-BA
"C:\Users\carlo\Desktop\Repositorios-VScode\Projeto-Legislativo\scrap-pdf\banco-fotos\image5_4.jpeg",Sergio Souza-MDB-PR
"C:\Users\carlo\Desktop\Repositorios-VScode\Projeto-Legislativo\scrap-pdf\banco-fotos\image5_5.jpeg",Sergio Toledo-PL-AL
"C:\Users\carlo\Desktop\Repositorios-VScode\Projeto-Legislativo\scrap-pdf\banco-fotos\image5_6.jpeg",Severino Pessoa-MDB-AL
"C:\Users\carlo\Desktop\Repositorios-VScode\Projeto-Legislativo\scrap-pdf\banco-fotos\image5_7.jpeg",Shéridan-PSDB-RR
"C:\Users\carlo\Desktop\Repositorios-VScode\Projeto-Legislativo\scrap-pdf\banco-fotos\image5_8.jpeg",Sidney Leite-PSD-AM
"C:\Users\carlo\Desktop\Repositorios-VScode\Projeto-Legislativo\scrap-pdf\banco-fotos\image5_9.jpeg",Silas Câmara-REPUBLICANOS-AM
"C:\Users\carlo\Desktop\Repositorios-VScode\Projeto-Legislativo\scrap-pdf\banco-fotos\image6_1.jpeg",Silvia Cristina-PL-RO
"C:\Users\carlo\Desktop\Repositorios-VScode\Projeto-Legislativo\scrap-pdf\banco-fotos\image6_10.jpeg",Silvio Costa Filho-REPUBLICANOS-PE
"C:\Users\carlo\Desktop\Repositorios-VScode\Projeto-Legislativo\scrap-pdf\banco-fotos\image6_11.jpeg",Soraya Santos-PL-RJ
"C:\Users\carlo\Desktop\Repositorios-VScode\Projeto-Legislativo\scrap-pdf\banco-fotos\image6_12.jpeg",Sóstenes Cavalcante-PL-RJ
"C:\Users\carlo\Desktop\Repositorios-VScode\Projeto-Legislativo\scrap-pdf\banco-fotos\image6_2.jpeg",Stefano Aguiar-PSD-MG
"C:\Users\carlo\Desktop\Repositorios-VScode\Projeto-Legislativo\scrap-pdf\banco-fotos\image6_3.jpeg",Subtenente Gonzaga-PSD-MG
"C:\Users\carlo\Desktop\Repositorios-VScode\Projeto-Legislativo\scrap-pdf\banco-fotos\image6_4.jpeg",Tabata Amaral-PSB-SP
"C:\Users\carlo\Desktop\Repositorios-VScode\Projeto-Legislativo\scrap-pdf\banco-fotos\image6_5.jpeg",Tadeu Alencar-PSB-PE
"C:\Users\carlo\Desktop\Repositorios-VScode\Projeto-Legislativo\scrap-pdf\banco-fotos\image6_6.jpeg",Talíria Petrone-PSOL-RJ
"C:\Users\carlo\Desktop\Repositorios-VScode\Projeto-Legislativo\scrap-pdf\banco-fotos\image6_7.jpeg",Tereza Cristina-PP-MS
"C:\Users\carlo\Desktop\Repositorios-VScode\Projeto-Legislativo\scrap-pdf\banco-fotos\image6_8.jpeg",Tereza Nelma-PSD-AL
"C:\Users\carlo\Desktop\Repositorios-VScode\Projeto-Legislativo\scrap-pdf\banco-fotos\image6_9.jpeg",Tiago Dimas-PODE-TO
"C:\Users\carlo\Desktop\Repositorios-VScode\Projeto-Legislativo\scrap-pdf\banco-fotos\image7_1.jpeg",Tiago Mitraud-NOVO-MG
"C:\Users\carlo\Desktop\Repositorios-VScode\Projeto-Legislativo\scrap-pdf\banco-fotos\image7_10.jpeg",Tiririca-PL-SP
"C:\Users\carlo\Desktop\Repositorios-VScode\Projeto-Legislativo\scrap-pdf\banco-fotos\image7_11.jpeg",Tito-AVANTE-BA
"C:\Users\carlo\Desktop\Repositorios-VScode\Projeto-Legislativo\scrap-pdf\banco-fotos\image7_12.jpeg",Toninho Wandscheer-PROS-PR
"C:\Users\carlo\Desktop\Repositorios-VScode\Projeto-Legislativo\scrap-pdf\banco-fotos\image7_2.jpeg",Túlio Gadêlha-REDE-PE
"C:\Users\carlo\Desktop\Repositorios-VScode\Projeto-Legislativo\scrap-pdf\banco-fotos\image7_3.jpeg",Uldurico Junior-MDB-BA
"C:\Users\carlo\Desktop\Repositorios-VScode\Projeto-Legislativo\scrap-pdf\banco-fotos\image7_4.jpeg",Vaidon Oliveira-PROS-CE
"C:\Users\carlo\Desktop\Repositorios-VScode\Projeto-Legislativo\scrap-pdf\banco-fotos\image7_5.jpeg",Valdevan Noventa-PL-SE
"C:\Users\carlo\Desktop\Repositorios-VScode\Projeto-Legislativo\scrap-pdf\banco-fotos\image7_6.jpeg",Valmir Assunção-PT-BA
"C:\Users\carlo\Desktop\Repositorios-VScode\Projeto-Legislativo\scrap-pdf\banco-fotos\image7_7.jpeg",Valtenir Pereira-MDB-MT
"C:\Users\carlo\Desktop\Repositorios-VScode\Projeto-Legislativo\scrap-pdf\banco-fotos\image7_8.jpeg",Vander Loubet-PT-MS
"C:\Users\carlo\Desktop\Repositorios-VScode\Projeto-Legislativo\scrap-pdf\banco-fotos\image7_9.jpeg",Vanderlei Macris-PSDB-SP
"C:\Users\carlo\Desktop\Repositorios-VScode\Projeto-Legislativo\scrap-pdf\banco-fotos\image8_1.jpeg",Vavá Martins-REPUBLICANOS-PA
"C:\Users\carlo\Desktop\Repositorios-VScode\Projeto-Legislativo\scrap-pdf\banco-fotos\image8_10.jpeg",Vermelho-PL-PR
"C:\Users\carlo\Desktop\Repositorios-VScode\Projeto-Legislativo\scrap-pdf\banco-fotos\image8_11.jpeg",Vicentinho-PT-SP
"C:\Users\carlo\Desktop\Repositorios-VScode\Projeto-Legislativo\scrap-pdf\banco-fotos\image8_12.jpeg",Vicentinho Júnior-PP-TO
"C:\Users\carlo\Desktop\Repositorios-VScode\Projeto-Legislativo\scrap-pdf\banco-fotos\image8_2.jpeg",Victor Mendes-MDB-MA
"C:\Users\carlo\Desktop\Repositorios-VScode\Projeto-Legislativo\scrap-pdf\banco-fotos\image8_3.jpeg",Vilson da Fetaemg-PSB-MG
"C:\Users\carlo\Desktop\Repositorios-VScode\Projeto-Legislativo\scrap-pdf\banco-fotos\image8_4.jpeg",Vinicius Carvalho-REPUBLICANOS-SP
"C:\Users\carlo\Desktop\Repositorios-VScode\Projeto-Legislativo\scrap-pdf\banco-fotos\image8_5.jpeg",Vinicius Farah-MDB-RJ
"C:\Users\carlo\Desktop\Repositorios-VScode\Projeto-Legislativo\scrap-pdf\banco-fotos\image8_6.jpeg",Vinicius Poit-NOVO-SP
"C:\Users\carlo\Desktop\Repositorios-VScode\Projeto-Legislativo\scrap-pdf\banco-fotos\image8_7.jpeg",Vitor Hugo-PL-GO
"C:\Users\carlo\Desktop\Repositorios-VScode\Projeto-Legislativo\scrap-pdf\banco-fotos\image8_8.jpeg",Vitor Lippi-PSDB-SP
"C:\Users\carlo\Desktop\Repositorios-VScode\Projeto-Legislativo\scrap-pdf\banco-fotos\image8_9.jpeg",Vivi Reis-PSOL-PA
"C:\Users\carlo\Desktop\Repositorios-VScode\Projeto-Legislativo\scrap-pdf\banco-fotos\image9_1.jpeg",Waldenor Pereira-PT-BA
"C:\Users\carlo\Desktop\Repositorios-VScode\Projeto-Legislativo\scrap-pdf\banco-fotos\image9_10.jpeg",Walter Alves-MDB-RN
"C:\Users\carlo\Desktop\Repositorios-VScode\Projeto-Legislativo\scrap-pdf\banco-fotos\image9_11.jpeg",Weliton Prado-PROS-MG
"C:\Users\carlo\Desktop\Repositorios-VScode\Projeto-Legislativo\scrap-pdf\banco-fotos\image9_12.jpeg",Wellington Roberto-PL-PB
"C:\Users\carlo\Desktop\Repositorios-VScode\Projeto-Legislativo\scrap-pdf\banco-fotos\image9_2.jpeg",Wilson Santiago-REPUBLICANOS-PB
"C:\Users\carlo\Desktop\Repositorios-VScode\Projeto-Legislativo\scrap-pdf\banco-fotos\image9_3.jpeg",Wolney Queiroz-PDT-PE
"C:\Users\carlo\Desktop\Repositorios-VScode\Projeto-Legislativo\scrap-pdf\banco-fotos\image9_4.jpeg",Zé Carlos-PT-MA
"C:\Users\carlo\Desktop\Repositorios-VScode\Projeto-Legislativo\scrap-pdf\banco-fotos\image9_5.jpeg",Zé Neto-PT-BA
"C:\Users\carlo\Desktop\Repositorios-VScode\Projeto-Legislativo\scrap-pdf\banco-fotos\image9_6.jpeg",Zé Silva-SOLIDARIEDADE-MG
"C:\Users\carlo\Desktop\Repositorios-VScode\Projeto-Legislativo\scrap-pdf\banco-fotos\image9_7.jpeg",Zé Vitor-PL-MG
"C:\Users\carlo\Desktop\Repositorios-VScode\Projeto-Legislativo\scrap-pdf\banco-fotos\image9_8.jpeg",Zeca Dirceu-PT-PR
"C:\Users\carlo\Desktop\Repositorios-VScode\Projeto-Legislativo\scrap-pdf\banco-fotos\image9_9.jpeg",Nome Parlamentar-Partido-UF
,
,
,
,
,
,
,
,
,
,
,
,
,
,
,
,
,
,
,
,
,
,
,
,
,
,
,
,
,
,
,
,
,
,
,
,
,
,
,
,
,
,
,
,
,
,
,
,
,
,
,
,
,
,
,
,
,
,
,
,
,
,
,
,
,
,
,
,
,
,
,
,
,
,
,
,
,
,
,
,
,
,
,
,
,
,
,
,
,
,
,
,
,
,
,
,
,
,
,
,
,
,
,
,
,
,
,
,
,
,
,
,
,
,
,
,
,
,
,
,
,
,
,
,
,
,
,
,
,
,
,
,
,
,
,
,
,
,
,
,
,
,
,
,
,
,
,
,
,
,
,
,
,
,
,
,
,
,
,
,
,
,
,
,
,
,
,
,
,
,
,
,
,
,
,
,
,
,
,
,
,
,
,
,
,
,
,
,
,
,
,
,
,
,
,
,
,
,
,
,
,
,
,
,
,
,
,
,
,
,
,
,
,
,
,
,
,
,
,
,
,
,
,
,
,
,
,
,
,
,
,
,
,
,
,
,
,
,
,
,
,
,
,
,
,
,
,
,
,
,
,
,
,
,
,
,
,
,
,
,
,
,
,
,
,
,
,
,
,
,
,
,
,
,
,
,
,
,
,
,
,
,
,
,
,
,
,
,
,
,
,
,
,
,
,
,
,
,
,
,
,
,
,
,
,
,
,
,
,
,
,
,
,
,
,
,
,
,
,
,
,
,
,
,
,
,
,
,
,
,
,
,
,
,
,
,
,
,
,
,
,
,
,
,
,
,
,
,
,
,
,
,
,
,
,
,
,
,
,
,
,
,
,
,
,
,
,
,
,
,
,
,
,
,
,
,
,
,
,
,
,
,
,
,
,
,
,
,
,
,
,
,
,
,
,
,
,
,
,
,
,
,
,
,
,
,
,
,
,
,
,
,
,
,
,
,
,
,
,
,
,
,
,
,
,
,
,
,
,
,
,
,
,
,
,
,
,
,
,
,
,
,
,
,
,
,
,
,
,
,
,
,
,
,
,
,
,
,
,
,
,
,
,
,
,
,
,
,
,
,
,
,
,
,
,
,
,
,
,
,
,
,
,
,
,
,
,
,
,
,
,
,
,
,
,
,
,
,
,
,
,
,
,
,
,
,
,
,
,
,
,
,
,